transcript_id,median_exp
ENST00000373020,2923.104449920627
ENST00000373031,4.518612493380465
ENST00000371588,910.4383849053214
ENST00000367771,125.65359142623839
ENST00000359326,145.94789174460598